                  epoch,         train/box_loss,         train/cls_loss,         train/dfl_loss,   metrics/precision(B),      metrics/recall(B),       metrics/mAP50(B),    metrics/mAP50-95(B),           val/box_loss,           val/cls_loss,           val/dfl_loss,                 lr/pg0,                 lr/pg1,                 lr/pg2
                      0,                 1.1687,                 1.4004,                 1.2025,                0.65613,                 0.5644,                0.62178,                0.46048,                 1.0803,                 1.0897,                 1.1245,                 0.0937,                 0.0007,                 0.0007
                      1,                  1.184,                 1.3996,                 1.2415,                0.68887,                0.56092,                0.64776,                0.48123,                 1.0565,                 1.0635,                 1.1121,               0.086485,              0.0014851,              0.0014851
                      2,                 1.1314,                  1.296,                 1.2305,                0.74769,                0.57707,                0.66914,                0.49655,                 1.0611,                 1.0168,                 1.1059,               0.079254,              0.0022545,              0.0022545
                      3,                 1.1142,                 1.1908,                 1.1858,                0.69668,                0.59925,                0.67525,                0.50057,                 1.0651,                 1.0037,                 1.1087,               0.072008,              0.0030079,              0.0030079
                      4,                 1.0597,                  1.171,                  1.167,                 0.7193,                0.58946,                0.66936,                0.49751,                  1.078,                 1.0365,                  1.114,               0.064746,              0.0037456,              0.0037456
